filename,amplitude_modulation,autocorrelation,centroid_modulation_depth,crest_factor,energy_decay,harmonic_ratio,inter_peak_interval_variance,modulation_energy,post_onset_energy_ratio,rms,secondary_peak_count,spectral_bandwidth,spectral_centroid,spectral_flatness,spectral_flux,spectral_flux_variance,spectral_rolloff,sustain_ratio,temporal_centroid,zcr
test_clean.wav,0.0014361342,0.9821504,480.0264219650179,6.0292187,0.00012074550691106934,0.92952734,322.5535365333214,0.377611,0.9999944,0.039156646,8,1395.295071593229,1380.4993370921907,0.000114124676,0.82558376,2.6545117,2235.970134870931,0.7108801,18.503390889123104,0.04681127
test_clean_chord_1.wav,0.00097466266,0.9676831,1047.293955827696,9.750204,6.459464690782821e-06,0.68393964,16.795311703754034,0.39094725,0.99994004,0.03371887,19,1480.690333825976,1673.6280255891074,0.0030365915,0.56725526,0.87199813,3140.9021628743626,0.45849335,5.669194083195159,0.06792182
test_clean_chord_2.wav,0.0015116285,0.9618856,962.3134296159625,13.275717,0.0005952805404396634,0.7048862,34.88762163605037,0.33779302,0.9999934,0.041595913,5,1389.5381682076927,1743.3374574994125,0.002818932,0.54326564,0.7118596,3086.7255474187937,0.36689875,7.2058980618754545,0.075330995
test_clean_powerchord_1.wav,0.002358137,0.9883243,731.0009242935928,3.9863794,-0.00031079586436447853,0.6685949,17.45519726931218,0.4237439,1.0,0.058372904,150,1627.1636736345138,1575.58999560772,0.0011532598,0.9013025,1.6635003,2804.2242104322754,0.45132688,7.523031853128984,0.044654276
test_clean_solo_1.wav,0.00013294119,0.9692657,1103.7569046549563,8.415542,-0.0006749379844241769,0.95668066,115.02734375,0.33535215,0.99996334,0.011919765,3,1778.2938742975182,1529.622285328167,0.0017229925,0.80821794,3.3026268,2646.995080620182,0.39859337,4.624620472794433,0.05233006
test_clean_solo_2.wav,0.00021385479,0.9692177,774.6874008623455,9.019364,0.00012166773355957608,0.919313,281.2661954504702,0.50967014,0.9999975,0.014852146,6,1694.5506909267833,1566.6677857890782,0.0007681132,0.7917986,2.8648047,2649.273398916468,0.93077964,20.154262351304137,0.055232886
test_clean_solo_3.wav,0.0020266143,0.99388355,3290.459142584562,3.5690897,0.0004862814783058992,0.9304682,30.181224870345552,0.51136076,0.99999976,0.05178196,64,1954.7037929500361,2420.757949750816,0.06901375,0.74653417,1.5289706,4506.591796875,0.8576011,9.856785850147427,0.06708747
test_delay_chord_1.wav,0.0013909407,0.96739554,868.3127431822962,8.092134,0.00035862277401817655,0.695334,19.60590044492221,0.256843,0.99997836,0.042986754,10,1429.331318940145,1726.9307241805689,0.0017589979,0.62676567,0.39633432,3123.4263224774095,0.16460328,6.4030893565828375,0.07317865
test_delay_chord_2.wav,0.0014850926,0.9594684,835.019316990821,9.505186,-0.000405999894337417,0.76139426,19.471552633714794,0.2563425,0.9999923,0.042757485,9,1467.6946507152213,1880.9728846230307,0.0021214245,0.59743506,0.32213295,3119.264167689341,0.13080147,8.486914343929728,0.08552053
test_delay_powerchord_1.wav,0.0021446422,0.98838323,722.3476705923179,3.7848465,0.0005823276752917972,0.67863536,19.228128395061727,0.35859317,0.99999994,0.05563939,55,1511.2487458942849,1442.0946108265061,0.00092401577,0.8328507,1.2201843,2575.266955014138,0.28784847,7.747371103605974,0.04223156
test_delay_solo_1.wav,0.00021998244,0.96730953,759.960803591975,6.67559,-0.00043959308922286873,0.89628583,24.262560605253345,0.24183899,0.9999999,0.016366033,40,1520.5262912371882,1412.8236846598772,0.0002230381,0.7223761,0.7296927,2355.545176630435,0.6579032,5.041987341228666,0.052502904
test_delay_solo_2.wav,0.00027883635,0.96910316,583.8239628515562,10.312046,0.00013374396641504868,0.8757075,30.274874377098058,0.42963198,0.9999972,0.01807164,27,1437.5981457758194,1569.801574412252,0.0002737563,0.81240493,1.4221573,2610.2810493768884,0.56659317,19.87782371648172,0.060146045
test_delay_solo_3.wav,0.0022444744,0.9934923,2024.187899361991,3.8650203,0.001381319052113827,0.9319173,11.240612808443311,0.44693556,0.9999998,0.058646344,46,1754.700703058518,1720.9878165327812,0.0076099476,0.7087266,0.6305262,3527.25411795236,0.5998908,9.722762313026207,0.043575604
test_dist.wav,0.004258601,0.97200817,414.8778243158763,5.1685014,0.0001696258927617551,0.4949279,14.29894673944269,0.38093808,0.9999813,0.07858931,432,1701.5517995332261,2017.5619885686144,9.137334e-05,0.8373831,0.6622768,3611.886364750985,0.6119362,48.039574768021,0.07378112
test_drive+delay_powerchord_1.wav,0.0024705236,0.9891085,463.1358692036682,3.2019923,0.0002981000832992891,0.67522633,13.387340660770027,0.3822561,0.99999964,0.065629154,56,1420.147059227366,1449.5923940572193,0.00018182557,0.8176389,0.7074004,2650.7171488031395,0.5002218,7.530115480797298,0.039942015
test_drive+delay_solo_1.wav,0.00069393974,0.9770459,541.5744674903343,5.5238485,1.1270306701978942e-05,0.8465628,26.758714350384793,0.25977105,0.9999992,0.033402305,81,1273.9090691308807,1347.2694714279405,6.538373e-05,0.72779405,0.6454651,2272.8667160560344,0.73818564,5.2629060760611726,0.048321985
test_drive+delay_solo_2.wav,0.0007017997,0.97452015,332.5489892016619,6.373691,2.0588259713924015e-05,0.8431524,19.701863688595232,0.32830486,0.99999726,0.033822816,8,1251.8191495386936,1594.474029620755,1.7212578e-05,0.81317127,0.8373272,2681.370069159836,0.030586012,17.812670790848085,0.05953344
test_drive+delay_solo_3.wav,0.0026717202,0.99518293,2577.901774501258,3.7580354,0.0015181572850662122,0.90202737,13.288530648800009,0.44473103,0.999996,0.065760784,91,1748.599244408062,1897.3253322364085,0.012691474,0.7252079,0.5514435,3729.7409312537293,0.6160933,9.720478523865339,0.049102407
test_drive.wav,0.0042687347,0.97810453,590.1672140426584,3.4563062,4.999562981186122e-05,0.81217,18.415824175824177,0.17158277,0.99999964,0.09628167,160,1600.731439563485,1938.736901446231,0.0009855555,0.872474,0.42207095,3554.6717369722546,0.4892033,16.53858027651498,0.05235745
test_drive_chord_1.wav,0.0008166484,0.96398264,639.9640497540503,5.4160194,-0.0015668713933975965,0.5132813,13.24749755859375,0.28537178,1.0000001,0.034518097,48,1710.560227776476,2004.4223512795818,0.0014877247,0.73714596,0.37018088,3437.540257230718,0.55707705,6.607099838900202,0.07384533
test_drive_chord_2.wav,0.0007604753,0.9630216,501.1986617511982,4.806534,-0.00047553141335444834,0.5385987,12.74147438016529,0.22081043,1.0,0.03659036,91,1528.4672930881188,1998.5202526293458,0.0010295934,0.7008052,0.2738657,3443.287334680382,0.64048153,7.388284540621749,0.078735285
test_drive_powerchord_1.wav,0.002342398,0.98926556,469.1548516081175,3.0970085,-0.00018120361417147925,0.6881504,17.394839861724776,0.40536645,0.99975336,0.065986566,64,1353.0025212939345,1401.8214112238309,0.00013895547,0.8690009,0.9757374,2568.6646478164744,0.64165014,7.522587704625274,0.039262827
test_drive_solo_1.wav,0.0003849237,0.9694482,774.6869860016396,5.7407985,-0.0015088926446846873,0.9373551,53.276874496103204,0.39470664,0.99999356,0.021954715,21,1595.323697411918,1667.4304235896966,0.00094847503,0.85514235,2.217177,2803.3341317806603,0.7225329,4.886929061804388,0.05961552
test_drive_solo_2.wav,0.0005629408,0.97358876,488.2985861797862,5.7657247,-7.577144727353447e-05,0.90181303,46.9544210914711,0.39752844,0.9999996,0.028282773,8,1414.3065357549697,1592.3257635160553,0.00026868982,0.85406876,1.86377,2667.1864196593197,0.48529693,18.33542770213977,0.056361023
test_drive_solo_3.wav,0.002639201,0.99567735,2970.468000575558,3.0782862,0.000616522090261031,0.9298984,24.022489920021155,0.49832317,0.99999994,0.0636963,81,1871.4295113699006,2206.560877356335,0.049900413,0.7791138,1.3803204,4249.315067322418,0.6650663,9.994922302985174,0.05886097
test_delay+reverb_solo_2.wav,0.00015737451,0.9711177,704.6926150722176,7.800227,0.0001733780929486012,0.9362582,24.41359515578856,0.49061793,0.9999973,0.013503635,34,1591.057690365084,1568.301306379825,0.00049928733,0.7518936,1.0580152,2599.738230692268,0.23687053,19.740167736748496,0.05783479
test_dist+chorus_solo_3.wav,0.06680639,0.9937213,3094.3270425942246,3.045027,0.0005164436264423086,0.9084769,22.444352972588106,0.599534,0.99999934,0.30596983,28,2045.3449828515575,2460.8659087470755,0.06296107,0.9035213,1.4030713,4579.720791903409,0.6442873,9.940545898995918,0.07584932
test_dist+delay+reverb_powerchord_1.wav,0.151188,0.98600465,630.8313423184768,1.9117709,0.00015530577729862277,0.6718416,17.037278911564627,0.36562318,0.99999946,0.5230752,95,2588.0164074654813,2039.398112614842,0.001937905,0.9005974,0.593561,3566.530168695781,0.99338377,7.380038656972196,0.043430828
test_dist+delay_solo_3.wav,0.09078567,0.9930565,3139.327299728144,2.517532,0.000629306459369644,0.9161059,23.51681836169371,0.48751384,0.999999,0.3725764,93,2038.9360799042831,2383.4275834681193,0.0639583,0.81767595,1.586691,4426.268118866219,0.4024727,9.990613370570054,0.0761791
test_dist+reverb+delay_powerchord_1.wav,0.151188,0.98600465,630.8279459930886,1.9117709,0.000155305968312054,0.6718416,17.037278911564627,0.36562312,0.99999946,0.5230752,95,2588.019500107029,2039.3988787453322,0.0019379433,0.90059686,0.59356225,3566.5131866743886,0.9933837,7.3800387195192725,0.043430828
test_dist+reverb+delay_solo_1.wav,0.13888642,0.92044073,1888.9427521409507,1.5097985,-6.75510285793888e-05,0.75356823,24.48757544224766,0.09766186,0.9992718,0.66234004,45,5344.379808979287,5075.300985767141,0.03914657,0.92843777,0.29092434,11058.034969111372,0.99075323,5.161384401477812,0.07036667
test_dist_solo_3.wav,0.11237385,0.99309057,3268.3818149993635,2.3063862,0.00048199295834354313,0.91721743,26.81108638269241,0.49861073,0.99999934,0.41259313,103,2062.3303467096716,2483.2454253265605,0.06890034,0.83619833,1.9214627,4584.220646629648,0.84920985,9.922438030208612,0.06895838
